Clear Domain,Type,URL,DNS Lookup (ms),TCP Connect (ms),TLS Handshake (ms),DOMContentLoaded (ms),Page Load (ms),Total Time (ms)
archive.org,onion,https://archivep75mbjunhxc6x4j5mwjmomyxb573v42baldlqu56ruil2oiad.onion/,0.0,3877.0,0.0,6477.0,13081.0,13081.0
archive.org,clear,https://archive.org,27.0,344.0,0.0,1147.0,1744.0,1744.0
theguardian.com,onion,https://www.guardian2zotagl6tmjucg3lrhxdk4dw3lhbqnkvvkywawy3oqfoprid.onion/europe,0.0,12810.0,0.0,14460.0,36857.0,36857.0
theguardian.com,clear,https://theguardian.com,0.0,0.0,2.0,345.0,465.0,465.0
brave.com,onion,https://brave4u7jddbv7cyviptqjc7jusxh72uik7zt6adtckl5f4nwy2v72qd.onion/index.html,0.0,0.0,0.0,6836.0,9403.0,9403.0
brave.com,clear,https://brave.com,20.0,47.0,1.0,328.0,385.0,385.0
dw.com,clear,https://dw.com,22.0,15.0,0.0,344.0,344.0,344.0
guardian.co.uk,onion,https://www.guardian2zotagl6tmjucg3lrhxdk4dw3lhbqnkvvkywawy3oqfoprid.onion/europe,0.0,983.0,0.0,2473.0,4411.0,4411.0
guardian.co.uk,clear,https://guardian.co.uk,0.0,0.0,1.0,344.0,472.0,472.0
voanews.com,onion,https://www.voanews5aitmne6gs2btokcacixclgfl43cv27sirgbauyyjylwpdtqd.onion/,0.0,2812.0,0.0,4724.0,9523.0,9523.0
voanews.com,clear,https://voanews.com,51.0,46.0,0.0,357.0,1152.0,1152.0
proton.me,onion,https://protonmailrmez3lotccipshtkleegetolb73fuirgj7r4o4vfu7ozyd.onion/,0.0,1488.0,0.0,2885.0,3937.0,3937.0
proton.me,clear,https://proton.me,21.0,47.0,0.0,269.0,445.0,445.0
amnesty.org,onion,https://www.amnestyl337aduwuvpf57irfl54ggtnuera45ygcxzuftwxjvvmpuzqd.onion,0.0,0.0,1.0,9771.0,10694.0,10694.0
amnesty.org,clear,https://amnesty.org,0.0,0.0,1.0,731.0,745.0,745.0
propublica.org,onion,http://p53lf57qovyuvwsc6xnrppyply3vtqm7l6pcobkmyqsiofyeznfu5uqd.onion/,0.0,1931.0,,4351.0,9899.0,9899.0
propublica.org,clear,https://propublica.org,35.0,14.0,0.0,1033.0,1949.0,1949.0
torproject.org,onion,http://2gzyxa5ihm7nsggfxnu52rck2vv4rvmdlkiu3zzui5du4xyclen53wid.onion/index.html,0.0,2431.0,,4098.0,5662.0,5662.0
torproject.org,clear,https://torproject.org,16.0,67.0,0.0,773.0,920.0,920.0
archive.is,onion,http://archiveiya74codqgiixo33q62qlrqtkgmcitqx5u2oeqnmn5bpcbiyd.onion/,0.0,2486.0,,3484.0,3485.0,3485.0
archive.is,clear,https://archive.is,42.0,1079.0,0.0,1794.0,3402.0,3402.0
rferl.org,onion,https://www.rferlo2zxgv23tct66v45s5mecftol5vod3hf4rqbipfp46fqu2q56ad.onion/,0.0,2120.0,0.0,4220.0,8753.0,8753.0
rferl.org,clear,https://rferl.org,6.0,19.0,0.0,385.0,1556.0,1556.0
mullvad.net,onion,http://o54hon2e2vj6c7m3aqqu6uyece65by3vgoxxhlqlsvkmacw6a7m7kiad.onion/en,0.0,1208.0,,1968.0,9120.0,9120.0
mullvad.net,clear,https://mullvad.net,0.0,0.0,2.0,352.0,777.0,777.0
archive.ph,onion,http://archiveiya74codqgiixo33q62qlrqtkgmcitqx5u2oeqnmn5bpcbiyd.onion/,0.0,475.0,,1292.0,1293.0,1293.0
archive.ph,clear,https://archive.ph,31.0,1026.0,0.0,1712.0,2303.0,2303.0
mempool.space,onion,http://mempoolhqx4isw62xs7abwphsq7ldayuidyx2v2oethdhhj6mlo2r6ad.onion/,0.0,0.0,,5265.0,6406.0,6406.0
mempool.space,clear,https://mempool.space,0.0,0.0,1.0,465.0,2002.0,2002.0
taz.de,onion,http://zervmwoc5flabhlh3heegnspbpoebbgr3kgkaarkpnz2gtsuunlxgqyd.onion/!p4608;web/,0.0,0.0,,10593.0,11838.0,11838.0
taz.de,clear,https://taz.de,14.0,86.0,0.0,375.0,533.0,533.0
marxists.org,onion,http://www.marxists3va6eopxoeiegih3iyex2zg3tmace7afbxjqlabmranzjjad.onion/index.htm,0.0,3303.0,,3874.0,4869.0,4869.0
marxists.org,clear,https://marxists.org,30.0,114.0,0.0,488.0,657.0,657.0
wiz.biz,onion,http://wizbizrnszzzyfe6j75tpwd7hn4gf2tlvzdsokkosxfbox73ctzaqdqd.onion/,0.0,2168.0,,3085.0,3919.0,3919.0
wiz.biz,clear,https://wiz.biz,43.0,334.0,5.0,750.0,913.0,913.0
f-droid.org,onion,http://fdroidorg6cooksyluodepej4erfctzk7rrjpjbbr6wx24jh3lqyfwyd.onion/index.html.en,0.0,2012.0,,6032.0,9360.0,9360.0
f-droid.org,clear,https://f-droid.org,27.0,108.0,0.0,380.0,416.0,416.0
cock.li,onion,http://rurcblzhmdk22kttfkel2zduhyu3r6to7knyc7wiorzrx5gw4c3lftad.onion/,0.0,2389.0,,2930.0,3678.0,3678.0
cock.li,clear,https://cock.li,11.0,73.0,0.0,150.0,250.0,250.0
mediapart.fr,onion,https://www.mediapartrvj4bsgolbxixw57ru7fh4jqckparke4vs365guu6ho64yd.onion/,0.0,2063.0,0.0,4873.0,7471.0,7471.0
mediapart.fr,clear,https://mediapart.fr,22.0,0.0,0.0,389.0,462.0,462.0
riseup.net,onion,http://vww6ybal4bd7szmgncyruucpgfkqahzddi37ktceo3ah7ngmcopnpyyd.onion/index.en.html,0.0,2907.0,,3360.0,6153.0,6153.0
riseup.net,clear,https://riseup.net,18.0,578.0,0.0,938.0,3314.0,3314.0
blockstream.info,onion,http://explorerzydxu5ecjrkwceayqybizmpjjznk5izmitf2modhcusuqlid.onion/,0.0,3360.0,,3936.0,10655.0,10655.0
blockstream.info,clear,https://blockstream.info,13.0,134.0,0.0,446.0,1997.0,1997.0
svoboda.org,onion,https://www.svobod7mjzb3hwxhgcnx7ui2ffd4p5zulftzkzdlmpaztuuoxnlpwhyd.onion/,0.0,2908.0,1.0,5310.0,10583.0,10583.0
svoboda.org,clear,https://svoboda.org,21.0,19.0,1.0,292.0,1195.0,1195.0
archive.org,onion,https://archivep75mbjunhxc6x4j5mwjmomyxb573v42baldlqu56ruil2oiad.onion/,0.0,3882.5,0.0,8407.5,17604.5,17604.5
archive.org,clear,https://archive.org,21.5,339.5,0.0,1182.0,1818.0,1818.0
theguardian.com,onion,https://www.guardian2zotagl6tmjucg3lrhxdk4dw3lhbqnkvvkywawy3oqfoprid.onion/europe,0.0,8645.0,0.0,10368.0,26705.0,26705.0
theguardian.com,clear,https://theguardian.com,0.0,0.0,3.0,335.5,470.0,470.0
brave.com,onion,https://brave4u7jddbv7cyviptqjc7jusxh72uik7zt6adtckl5f4nwy2v72qd.onion/index.html,0.0,0.0,0.5,7059.5,9959.0,9959.0
brave.com,clear,https://brave.com,21.5,42.5,1.0,316.0,378.0,378.0
dw.com,clear,https://dw.com,22.0,15.5,0.0,364.5,364.5,364.5
guardian.co.uk,onion,https://www.guardian2zotagl6tmjucg3lrhxdk4dw3lhbqnkvvkywawy3oqfoprid.onion/europe,0.0,856.0,0.0,2337.0,3836.5,3836.5
guardian.co.uk,clear,https://guardian.co.uk,0.0,0.0,1.5,371.5,477.5,477.5
voanews.com,onion,https://www.voanews5aitmne6gs2btokcacixclgfl43cv27sirgbauyyjylwpdtqd.onion/,0.0,2149.0,0.0,3947.5,8452.0,8452.0
voanews.com,clear,https://voanews.com,36.5,33.0,0.0,335.0,1108.5,1108.5
proton.me,onion,https://protonmailrmez3lotccipshtkleegetolb73fuirgj7r4o4vfu7ozyd.onion/,0.0,1391.5,0.0,2933.5,4050.0,4050.0
proton.me,clear,https://proton.me,16.5,55.0,0.5,286.0,485.5,485.5
amnesty.org,onion,https://www.amnestyl337aduwuvpf57irfl54ggtnuera45ygcxzuftwxjvvmpuzqd.onion,0.0,0.0,1.0,7985.5,8775.0,8775.0
amnesty.org,clear,https://amnesty.org,0.0,0.0,1.0,778.5,792.5,792.5
propublica.org,onion,http://p53lf57qovyuvwsc6xnrppyply3vtqm7l6pcobkmyqsiofyeznfu5uqd.onion/,0.0,3809.0,,5900.5,13049.0,13049.0
propublica.org,clear,https://propublica.org,30.0,16.0,0.0,1080.5,1963.0,1963.0
torproject.org,onion,http://2gzyxa5ihm7nsggfxnu52rck2vv4rvmdlkiu3zzui5du4xyclen53wid.onion/index.html,0.0,1870.5,,3168.0,4429.0,4429.0
torproject.org,clear,https://torproject.org,18.0,178.0,0.0,1140.0,1578.5,1578.5
archive.is,onion,http://archiveiya74codqgiixo33q62qlrqtkgmcitqx5u2oeqnmn5bpcbiyd.onion/,0.0,1900.0,,2860.5,2861.0,2861.0
archive.is,clear,https://archive.is,37.0,1079.5,0.0,1788.5,2896.5,2896.5
rferl.org,onion,https://www.rferlo2zxgv23tct66v45s5mecftol5vod3hf4rqbipfp46fqu2q56ad.onion/,0.0,2428.0,0.5,4573.5,8998.0,8998.0
rferl.org,clear,https://rferl.org,23.5,31.0,1.5,626.0,1766.0,1766.0
mullvad.net,onion,http://o54hon2e2vj6c7m3aqqu6uyece65by3vgoxxhlqlsvkmacw6a7m7kiad.onion/en,0.0,981.5,,1740.0,7710.0,7710.0
mullvad.net,clear,https://mullvad.net,0.0,0.0,2.0,320.0,674.5,674.5
archive.ph,onion,http://archiveiya74codqgiixo33q62qlrqtkgmcitqx5u2oeqnmn5bpcbiyd.onion/,0.0,539.0,,1231.0,1231.5,1231.5
archive.ph,clear,https://archive.ph,31.0,1013.0,0.0,1697.5,2326.0,2326.0
mempool.space,onion,http://mempoolhqx4isw62xs7abwphsq7ldayuidyx2v2oethdhhj6mlo2r6ad.onion/,0.0,0.0,,4978.5,6163.5,6163.5
mempool.space,clear,https://mempool.space,0.0,0.0,1.0,487.0,1990.0,1990.0
taz.de,onion,http://zervmwoc5flabhlh3heegnspbpoebbgr3kgkaarkpnz2gtsuunlxgqyd.onion/!p4608;web/,0.0,0.0,,7116.0,9662.5,9662.5
taz.de,clear,https://taz.de,7.5,104.5,0.0,394.5,554.0,554.0
marxists.org,onion,http://www.marxists3va6eopxoeiegih3iyex2zg3tmace7afbxjqlabmranzjjad.onion/index.htm,0.0,2294.5,,3100.0,4447.5,4447.5
marxists.org,clear,https://marxists.org,41.0,107.5,0.0,471.5,651.0,651.0
wiz.biz,onion,http://wizbizrnszzzyfe6j75tpwd7hn4gf2tlvzdsokkosxfbox73ctzaqdqd.onion/,0.0,3276.0,,4456.0,5535.5,5535.5
wiz.biz,clear,https://wiz.biz,22.0,333.0,2.5,734.5,897.5,897.5
f-droid.org,onion,http://fdroidorg6cooksyluodepej4erfctzk7rrjpjbbr6wx24jh3lqyfwyd.onion/index.html.en,0.0,2330.5,,5095.5,7444.0,7444.0
f-droid.org,clear,https://f-droid.org,13.5,101.5,0.0,366.5,408.0,408.0
cock.li,onion,http://rurcblzhmdk22kttfkel2zduhyu3r6to7knyc7wiorzrx5gw4c3lftad.onion/,0.0,1629.0,,2069.0,2626.5,2626.5
cock.li,clear,https://cock.li,13.0,83.0,0.0,167.0,258.5,258.5
mediapart.fr,onion,https://www.mediapartrvj4bsgolbxixw57ru7fh4jqckparke4vs365guu6ho64yd.onion/,0.0,1352.5,0.0,3636.0,5910.5,5910.5
mediapart.fr,clear,https://mediapart.fr,21.5,0.0,0.0,403.5,486.0,486.0
riseup.net,onion,http://vww6ybal4bd7szmgncyruucpgfkqahzddi37ktceo3ah7ngmcopnpyyd.onion/index.en.html,0.0,2299.5,,2760.5,5444.0,5444.0
riseup.net,clear,https://riseup.net,19.0,577.0,0.0,871.5,3200.5,3200.5
blockstream.info,onion,http://explorerzydxu5ecjrkwceayqybizmpjjznk5izmitf2modhcusuqlid.onion/,0.0,4860.5,,5440.0,13094.5,13094.5
blockstream.info,clear,https://blockstream.info,15.0,224.0,0.0,540.5,2138.5,2138.5
svoboda.org,onion,https://www.svobod7mjzb3hwxhgcnx7ui2ffd4p5zulftzkzdlmpaztuuoxnlpwhyd.onion/,0.0,3561.0,0.5,7198.5,14863.0,14863.0
svoboda.org,clear,https://svoboda.org,23.0,21.0,0.5,328.0,1224.5,1224.5
archive.org,onion,https://archivep75mbjunhxc6x4j5mwjmomyxb573v42baldlqu56ruil2oiad.onion/,0.0,3553.0,0.0,7549.0,14746.33,14746.33
archive.org,clear,https://archive.org,26.0,336.33,0.0,1176.0,1884.67,1884.67
theguardian.com,onion,https://www.guardian2zotagl6tmjucg3lrhxdk4dw3lhbqnkvvkywawy3oqfoprid.onion/europe,0.0,8238.33,0.0,10354.67,28718.0,28718.0
theguardian.com,clear,https://theguardian.com,0.0,0.0,2.67,341.33,461.0,461.0
brave.com,onion,https://brave4u7jddbv7cyviptqjc7jusxh72uik7zt6adtckl5f4nwy2v72qd.onion/index.html,0.0,0.0,0.33,6888.0,9835.67,9835.67
brave.com,clear,https://brave.com,21.67,40.67,0.67,313.67,386.0,386.0
dw.com,clear,https://dw.com,24.67,15.67,0.0,366.0,366.0,366.0
guardian.co.uk,onion,https://www.guardian2zotagl6tmjucg3lrhxdk4dw3lhbqnkvvkywawy3oqfoprid.onion/europe,0.0,1413.0,0.0,3599.0,5155.33,5155.33
guardian.co.uk,clear,https://guardian.co.uk,0.0,0.0,1.67,385.0,492.67,492.67
voanews.com,onion,https://www.voanews5aitmne6gs2btokcacixclgfl43cv27sirgbauyyjylwpdtqd.onion/,0.0,2512.0,0.0,4677.67,9332.33,9332.33
voanews.com,clear,https://voanews.com,32.0,27.67,0.0,333.33,1138.33,1138.33
proton.me,onion,https://protonmailrmez3lotccipshtkleegetolb73fuirgj7r4o4vfu7ozyd.onion/,0.0,1633.33,0.33,3194.0,4359.0,4359.0
proton.me,clear,https://proton.me,15.0,69.67,0.33,326.0,533.33,533.33
amnesty.org,onion,https://www.amnestyl337aduwuvpf57irfl54ggtnuera45ygcxzuftwxjvvmpuzqd.onion,0.0,0.0,0.67,7974.67,8773.0,8773.0
amnesty.org,clear,https://amnesty.org,0.0,0.0,1.33,800.0,814.67,814.67
propublica.org,onion,http://p53lf57qovyuvwsc6xnrppyply3vtqm7l6pcobkmyqsiofyeznfu5uqd.onion/,0.0,3011.67,,5170.33,11702.0,11702.0
propublica.org,clear,https://propublica.org,27.33,16.33,0.0,1031.0,1993.0,1993.0
torproject.org,onion,http://2gzyxa5ihm7nsggfxnu52rck2vv4rvmdlkiu3zzui5du4xyclen53wid.onion/index.html,0.0,1557.33,,2655.33,3794.33,3794.33
torproject.org,clear,https://torproject.org,17.67,227.33,0.0,1369.0,1882.33,1882.33
archive.is,onion,http://archiveiya74codqgiixo33q62qlrqtkgmcitqx5u2oeqnmn5bpcbiyd.onion/,0.0,2004.0,,3014.0,3014.67,3014.67
archive.is,clear,https://archive.is,35.0,1051.33,0.0,1749.33,2716.33,2716.33
rferl.org,onion,https://www.rferlo2zxgv23tct66v45s5mecftol5vod3hf4rqbipfp46fqu2q56ad.onion/,0.0,2478.0,0.33,4807.0,9401.0,9401.0
rferl.org,clear,https://rferl.org,16.33,25.67,1.0,519.67,1626.67,1626.67
mullvad.net,onion,http://o54hon2e2vj6c7m3aqqu6uyece65by3vgoxxhlqlsvkmacw6a7m7kiad.onion/en,0.0,903.33,,1743.67,7109.33,7109.33
mullvad.net,clear,https://mullvad.net,0.0,0.0,1.67,317.67,605.0,605.0
archive.ph,onion,http://archiveiya74codqgiixo33q62qlrqtkgmcitqx5u2oeqnmn5bpcbiyd.onion/,0.0,591.67,,1373.33,1373.67,1373.67
archive.ph,clear,https://archive.ph,30.67,1020.33,0.0,1782.67,2413.0,2413.0
mempool.space,onion,http://mempoolhqx4isw62xs7abwphsq7ldayuidyx2v2oethdhhj6mlo2r6ad.onion/,0.0,0.0,,4978.5,6163.5,6163.5
mempool.space,clear,https://mempool.space,0.0,0.0,1.33,493.33,1958.33,1958.33
taz.de,onion,http://zervmwoc5flabhlh3heegnspbpoebbgr3kgkaarkpnz2gtsuunlxgqyd.onion/!p4608;web/,0.0,0.0,,6427.0,8650.67,8650.67
taz.de,clear,https://taz.de,5.33,103.33,0.0,402.67,544.33,544.33
marxists.org,onion,http://www.marxists3va6eopxoeiegih3iyex2zg3tmace7afbxjqlabmranzjjad.onion/index.htm,0.0,2094.33,,2851.33,4060.33,4060.33
marxists.org,clear,https://marxists.org,35.67,116.67,0.0,461.0,643.33,643.33
wiz.biz,onion,http://wizbizrnszzzyfe6j75tpwd7hn4gf2tlvzdsokkosxfbox73ctzaqdqd.onion/,0.0,3871.0,,5808.67,6782.67,6782.67
wiz.biz,clear,https://wiz.biz,15.0,333.33,2.0,726.0,887.67,887.67
f-droid.org,onion,http://fdroidorg6cooksyluodepej4erfctzk7rrjpjbbr6wx24jh3lqyfwyd.onion/index.html.en,0.0,2169.67,,5351.0,7236.33,7236.33
f-droid.org,clear,https://f-droid.org,19.67,102.67,0.0,362.0,396.33,396.33
cock.li,onion,http://rurcblzhmdk22kttfkel2zduhyu3r6to7knyc7wiorzrx5gw4c3lftad.onion/,0.0,1615.0,,2087.33,2795.0,2795.0
cock.li,clear,https://cock.li,12.67,80.33,0.0,167.67,269.67,269.67
mediapart.fr,onion,https://www.mediapartrvj4bsgolbxixw57ru7fh4jqckparke4vs365guu6ho64yd.onion/,0.0,1466.0,0.0,3693.33,5556.67,5556.67
mediapart.fr,clear,https://mediapart.fr,26.67,0.0,0.33,418.67,502.33,502.33
riseup.net,onion,http://vww6ybal4bd7szmgncyruucpgfkqahzddi37ktceo3ah7ngmcopnpyyd.onion/index.en.html,0.0,2197.67,,2684.67,5588.33,5588.33
riseup.net,clear,https://riseup.net,66.0,563.33,0.0,880.33,3214.67,3214.67
blockstream.info,onion,http://explorerzydxu5ecjrkwceayqybizmpjjznk5izmitf2modhcusuqlid.onion/,0.0,3755.67,,4339.67,12109.0,12109.0
blockstream.info,clear,https://blockstream.info,18.33,208.0,0.0,527.0,2133.0,2133.0
svoboda.org,onion,https://www.svobod7mjzb3hwxhgcnx7ui2ffd4p5zulftzkzdlmpaztuuoxnlpwhyd.onion/,0.0,4010.0,0.33,7247.67,15804.33,15804.33
svoboda.org,clear,https://svoboda.org,21.67,20.33,0.33,327.0,1233.0,1233.0
archive.org,onion,https://archivep75mbjunhxc6x4j5mwjmomyxb573v42baldlqu56ruil2oiad.onion/,0.0,3250.0,0.0,6763.0,13390.75,13390.75
archive.org,clear,https://archive.org,26.75,336.75,2.75,1175.25,1857.25,1857.25
theguardian.com,onion,https://www.guardian2zotagl6tmjucg3lrhxdk4dw3lhbqnkvvkywawy3oqfoprid.onion/europe,0.0,8155.0,0.0,10454.75,25987.5,25987.5
theguardian.com,clear,https://theguardian.com,0.0,0.0,2.25,343.0,462.0,462.0
brave.com,onion,https://brave4u7jddbv7cyviptqjc7jusxh72uik7zt6adtckl5f4nwy2v72qd.onion/index.html,0.0,0.0,0.5,7543.75,10648.5,10648.5
brave.com,clear,https://brave.com,21.5,44.5,0.75,327.75,386.0,386.0
dw.com,clear,https://dw.com,24.0,16.75,0.0,362.25,362.5,362.5
guardian.co.uk,onion,https://www.guardian2zotagl6tmjucg3lrhxdk4dw3lhbqnkvvkywawy3oqfoprid.onion/europe,0.0,1377.25,0.25,3629.75,5058.5,5058.5
guardian.co.uk,clear,https://guardian.co.uk,0.0,0.0,2.5,396.75,499.0,499.0
voanews.com,onion,https://www.voanews5aitmne6gs2btokcacixclgfl43cv27sirgbauyyjylwpdtqd.onion/,0.0,2390.25,0.0,4571.0,11325.0,11325.0
voanews.com,clear,https://voanews.com,29.75,36.5,0.0,426.75,1328.5,1328.5
proton.me,onion,https://protonmailrmez3lotccipshtkleegetolb73fuirgj7r4o4vfu7ozyd.onion/,0.0,1656.5,0.25,3260.75,4509.5,4509.5
proton.me,clear,https://proton.me,16.25,66.5,0.25,315.75,537.75,537.75
amnesty.org,onion,https://www.amnestyl337aduwuvpf57irfl54ggtnuera45ygcxzuftwxjvvmpuzqd.onion,0.0,0.0,0.75,7329.0,8099.25,8099.25
amnesty.org,clear,https://amnesty.org,0.0,0.0,1.25,801.5,816.75,816.75
propublica.org,onion,http://p53lf57qovyuvwsc6xnrppyply3vtqm7l6pcobkmyqsiofyeznfu5uqd.onion/,0.0,2715.25,,4896.75,11135.25,11135.25
propublica.org,clear,https://propublica.org,27.5,16.5,0.0,1013.5,2120.75,2120.75
torproject.org,onion,http://2gzyxa5ihm7nsggfxnu52rck2vv4rvmdlkiu3zzui5du4xyclen53wid.onion/index.html,0.0,1379.25,,2463.75,3544.5,3544.5
torproject.org,clear,https://torproject.org,19.75,244.75,0.0,1404.5,1966.25,1966.25
archive.is,onion,http://archiveiya74codqgiixo33q62qlrqtkgmcitqx5u2oeqnmn5bpcbiyd.onion/,0.0,1931.5,,2888.75,2889.5,2889.5
archive.is,clear,https://archive.is,31.5,1049.75,0.0,1752.5,2879.5,2879.5
rferl.org,onion,https://www.rferlo2zxgv23tct66v45s5mecftol5vod3hf4rqbipfp46fqu2q56ad.onion/,0.0,2435.0,0.25,4804.0,9237.0,9237.0
rferl.org,clear,https://rferl.org,19.75,23.25,0.75,490.75,1560.0,1560.0
mullvad.net,onion,http://o54hon2e2vj6c7m3aqqu6uyece65by3vgoxxhlqlsvkmacw6a7m7kiad.onion/en,0.0,871.5,,1891.25,6932.5,6932.5
mullvad.net,clear,https://mullvad.net,0.0,0.0,1.75,321.0,579.75,579.75
archive.ph,onion,http://archiveiya74codqgiixo33q62qlrqtkgmcitqx5u2oeqnmn5bpcbiyd.onion/,0.0,545.0,,1301.75,1302.25,1302.25
archive.ph,clear,https://archive.ph,41.0,1018.0,0.0,1886.0,2502.0,2502.0
mempool.space,onion,http://mempoolhqx4isw62xs7abwphsq7ldayuidyx2v2oethdhhj6mlo2r6ad.onion/,0.0,0.0,,4978.5,6163.5,6163.5
mempool.space,clear,https://mempool.space,0.0,0.0,2.0,492.5,1940.0,1940.0
taz.de,onion,http://zervmwoc5flabhlh3heegnspbpoebbgr3kgkaarkpnz2gtsuunlxgqyd.onion/!p4608;web/,0.0,0.0,,5881.5,7832.5,7832.5
taz.de,clear,https://taz.de,6.75,104.5,0.0,425.0,553.25,553.25
marxists.org,onion,http://www.marxists3va6eopxoeiegih3iyex2zg3tmace7afbxjqlabmranzjjad.onion/index.htm,0.0,1917.75,,2700.5,3981.75,3981.75
marxists.org,clear,https://marxists.org,31.25,112.0,0.0,453.25,647.5,647.5
wiz.biz,onion,http://wizbizrnszzzyfe6j75tpwd7hn4gf2tlvzdsokkosxfbox73ctzaqdqd.onion/,0.0,3249.5,,4926.25,5861.25,5861.25
wiz.biz,clear,https://wiz.biz,25.75,331.25,1.5,733.25,895.25,895.25
f-droid.org,onion,http://fdroidorg6cooksyluodepej4erfctzk7rrjpjbbr6wx24jh3lqyfwyd.onion/index.html.en,0.0,2065.75,,4929.0,6568.0,6568.0
f-droid.org,clear,https://f-droid.org,19.0,90.75,0.0,356.5,411.0,411.0
cock.li,onion,http://rurcblzhmdk22kttfkel2zduhyu3r6to7knyc7wiorzrx5gw4c3lftad.onion/,0.0,1415.0,,1840.5,2485.75,2485.75
cock.li,clear,https://cock.li,12.25,80.5,0.0,169.25,275.75,275.75
mediapart.fr,onion,https://www.mediapartrvj4bsgolbxixw57ru7fh4jqckparke4vs365guu6ho64yd.onion/,0.0,1395.25,0.0,3513.5,5086.25,5086.25
mediapart.fr,clear,https://mediapart.fr,29.25,0.0,0.25,419.75,508.75,508.75
riseup.net,onion,http://vww6ybal4bd7szmgncyruucpgfkqahzddi37ktceo3ah7ngmcopnpyyd.onion/index.en.html,0.0,2062.5,,2519.25,5309.25,5309.25
riseup.net,clear,https://riseup.net,56.0,559.25,0.0,852.75,3165.5,3165.5
blockstream.info,onion,http://explorerzydxu5ecjrkwceayqybizmpjjznk5izmitf2modhcusuqlid.onion/,0.0,3221.0,,3786.0,11293.5,11293.5
blockstream.info,clear,https://blockstream.info,13.75,223.0,0.25,537.0,2176.5,2176.5
svoboda.org,onion,https://www.svobod7mjzb3hwxhgcnx7ui2ffd4p5zulftzkzdlmpaztuuoxnlpwhyd.onion/,0.0,3544.0,0.25,6577.0,14077.25,14077.25
svoboda.org,clear,https://svoboda.org,24.0,20.0,1.75,327.5,1224.25,1224.25
archive.org,onion,https://archivep75mbjunhxc6x4j5mwjmomyxb573v42baldlqu56ruil2oiad.onion/,0.0,3125.6,0.0,6374.8,12057.4,12057.4
archive.org,clear,https://archive.org,21.4,342.6,5.8,1179.0,1935.4,1935.4
theguardian.com,onion,https://www.guardian2zotagl6tmjucg3lrhxdk4dw3lhbqnkvvkywawy3oqfoprid.onion/europe,0.0,7022.2,0.2,9173.4,22562.4,22562.4
theguardian.com,clear,https://theguardian.com,0.0,0.0,2.4,358.6,474.8,474.8
brave.com,onion,https://brave4u7jddbv7cyviptqjc7jusxh72uik7zt6adtckl5f4nwy2v72qd.onion/index.html,0.0,0.0,0.6,7285.2,10315.6,10315.6
brave.com,clear,https://brave.com,22.2,46.4,0.6,334.8,387.6,387.6
dw.com,clear,https://dw.com,19.4,16.4,0.2,364.4,364.6,364.6
guardian.co.uk,onion,https://www.guardian2zotagl6tmjucg3lrhxdk4dw3lhbqnkvvkywawy3oqfoprid.onion/europe,0.0,1263.4,0.4,3335.0,4649.8,4649.8
guardian.co.uk,clear,https://guardian.co.uk,0.0,0.0,3.6,396.6,495.4,495.4
voanews.com,onion,https://www.voanews5aitmne6gs2btokcacixclgfl43cv27sirgbauyyjylwpdtqd.onion/,0.0,2389.0,0.0,4873.8,11328.2,11328.2
voanews.com,clear,https://voanews.com,29.0,35.0,0.0,399.2,1257.6,1257.6
proton.me,onion,https://protonmailrmez3lotccipshtkleegetolb73fuirgj7r4o4vfu7ozyd.onion/,0.0,1563.0,0.2,3125.0,4268.2,4268.2
proton.me,clear,https://proton.me,16.0,61.4,0.2,317.2,519.8,519.8
amnesty.org,onion,https://www.amnestyl337aduwuvpf57irfl54ggtnuera45ygcxzuftwxjvvmpuzqd.onion,0.0,0.0,0.8,7000.2,7768.2,7768.2
amnesty.org,clear,https://amnesty.org,0.0,0.0,1.2,780.8,795.6,795.6
propublica.org,onion,http://p53lf57qovyuvwsc6xnrppyply3vtqm7l6pcobkmyqsiofyeznfu5uqd.onion/,0.0,2358.8,,4485.0,10697.2,10697.2
propublica.org,clear,https://propublica.org,29.0,15.8,0.0,987.8,2085.6,2085.6
torproject.org,onion,http://2gzyxa5ihm7nsggfxnu52rck2vv4rvmdlkiu3zzui5du4xyclen53wid.onion/index.html,0.0,1317.0,,2885.4,4169.8,4169.8
torproject.org,clear,https://torproject.org,19.6,218.0,0.0,1327.8,1826.8,1826.8
archive.is,onion,http://archiveiya74codqgiixo33q62qlrqtkgmcitqx5u2oeqnmn5bpcbiyd.onion/,0.0,1812.0,,2760.8,2761.4,2761.4
archive.is,clear,https://archive.is,31.2,1043.6,0.0,1742.8,2809.6,2809.6
rferl.org,onion,https://www.rferlo2zxgv23tct66v45s5mecftol5vod3hf4rqbipfp46fqu2q56ad.onion/,0.0,2572.6,0.2,5524.8,10607.2,10607.2
rferl.org,clear,https://rferl.org,20.0,21.4,0.6,494.2,1544.8,1544.8
mullvad.net,onion,http://o54hon2e2vj6c7m3aqqu6uyece65by3vgoxxhlqlsvkmacw6a7m7kiad.onion/en,0.0,946.2,,2159.6,7025.6,7025.6
mullvad.net,clear,https://mullvad.net,0.0,0.0,1.8,315.6,551.2,551.2
archive.ph,onion,http://archiveiya74codqgiixo33q62qlrqtkgmcitqx5u2oeqnmn5bpcbiyd.onion/,0.0,509.8,,1273.0,1273.4,1273.4
archive.ph,clear,https://archive.ph,40.2,1015.4,0.2,1848.0,2460.8,2460.8
mempool.space,onion,http://mempoolhqx4isw62xs7abwphsq7ldayuidyx2v2oethdhhj6mlo2r6ad.onion/,0.0,0.0,,4978.5,6163.5,6163.5
mempool.space,clear,https://mempool.space,0.0,0.0,2.0,486.2,1943.0,1943.0
taz.de,onion,http://zervmwoc5flabhlh3heegnspbpoebbgr3kgkaarkpnz2gtsuunlxgqyd.onion/!p4608;web/,0.0,0.0,,6079.4,7918.6,7918.6
taz.de,clear,https://taz.de,5.4,109.2,0.0,428.2,554.0,554.0
marxists.org,onion,http://www.marxists3va6eopxoeiegih3iyex2zg3tmace7afbxjqlabmranzjjad.onion/index.htm,0.0,1787.4,,2583.8,3920.8,3920.8
marxists.org,clear,https://marxists.org,28.6,113.2,0.0,448.2,648.0,648.0
wiz.biz,onion,http://wizbizrnszzzyfe6j75tpwd7hn4gf2tlvzdsokkosxfbox73ctzaqdqd.onion/,0.0,2802.0,,4293.0,5163.6,5163.6
wiz.biz,clear,https://wiz.biz,20.8,330.2,1.4,727.2,889.4,889.4
f-droid.org,onion,http://fdroidorg6cooksyluodepej4erfctzk7rrjpjbbr6wx24jh3lqyfwyd.onion/index.html.en,0.0,1831.0,,4380.4,6387.4,6387.4
f-droid.org,clear,https://f-droid.org,15.2,83.0,0.0,361.8,415.0,415.0
cock.li,onion,http://rurcblzhmdk22kttfkel2zduhyu3r6to7knyc7wiorzrx5gw4c3lftad.onion/,0.0,1732.6,,2161.6,2802.0,2802.0
cock.li,clear,https://cock.li,12.0,79.8,0.6,168.8,277.6,277.6
mediapart.fr,onion,https://www.mediapartrvj4bsgolbxixw57ru7fh4jqckparke4vs365guu6ho64yd.onion/,0.0,1332.0,0.0,3335.2,4693.6,4693.6
mediapart.fr,clear,https://mediapart.fr,27.8,0.0,0.2,424.0,516.0,516.0
riseup.net,onion,http://vww6ybal4bd7szmgncyruucpgfkqahzddi37ktceo3ah7ngmcopnpyyd.onion/index.en.html,0.0,1995.2,,2456.4,5270.4,5270.4
riseup.net,clear,https://riseup.net,51.0,557.0,0.0,852.4,3155.2,3155.2
blockstream.info,onion,http://explorerzydxu5ecjrkwceayqybizmpjjznk5izmitf2modhcusuqlid.onion/,0.0,2885.2,,3443.8,10762.0,10762.0
blockstream.info,clear,https://blockstream.info,14.2,227.8,0.2,542.0,2195.2,2195.2
svoboda.org,onion,https://www.svobod7mjzb3hwxhgcnx7ui2ffd4p5zulftzkzdlmpaztuuoxnlpwhyd.onion/,0.0,3277.0,0.2,6481.4,13499.8,13499.8
svoboda.org,clear,https://svoboda.org,23.8,19.0,1.4,331.2,1234.8,1234.8
